
{
    "body_type_power_avg": {
        "внедорожник": 177.36245650333865,
        "кабриолет": 311.45454545454544,
        "купе": 235.78813559322035,
        "микроавтобус": 114.97777777777777,
        "минивэн": 139.03691813804173,
        "пикап": 121.03225806451613,
        "седан": 129.83443097187174,
        "универсал": 102.97922636103152,
        "фургон": 113.68816254416961,
        "хетчбэк": 103.51142377694592,
        "лифтбек": 120.0 
    },
    "price_brand_ratio_mean": 1.008746
}
